{"cameraMode":{"drawMode":0,"name":"Shaded","section":"Shading Mode"},"sceneLighting":false,"audioPlay":false,"sceneViewState":{"showFog":true,"showMaterialUpdate":false,"showSkybox":false,"showFlares":true,"showImageEffects":true,"showParticleSystems":true,"showVisualEffectGraphs":true,"m_FxEnabled":true},"in2DMode":false,"pivot":{"x":0.20939932763576508,"y":-0.4591750502586365,"z":-0.016772866249084474},"rotation":{"x":0.2145816832780838,"y":-0.020510459318757058,"z":0.004521149210631847,"w":0.9764938354492188},"size":2.36602520942688,"orthographic":false}