{"cameraMode":{"drawMode":0,"name":"Shaded","section":"Shading Mode"},"sceneLighting":true,"audioPlay":false,"sceneViewState":{"showFog":true,"showMaterialUpdate":false,"showSkybox":true,"showFlares":true,"showImageEffects":true,"showParticleSystems":true},"in2DMode":false,"pivot":{"x":5.333168983459473,"y":11.347475051879883,"z":4.510492324829102},"rotation":{"x":-0.10776928812265396,"y":0.019679952412843705,"z":-0.0021334243938326837,"w":-0.9939814209938049},"size":25.07615089416504,"orthographic":false}