{"cameraMode":{"drawMode":0,"name":"Shaded","section":"Shading Mode"},"sceneLighting":true,"audioPlay":false,"sceneViewState":{"showFog":true,"showMaterialUpdate":false,"showSkybox":true,"showFlares":true,"showImageEffects":true,"showParticleSystems":true},"in2DMode":false,"pivot":{"x":-0.83160400390625,"y":-2.3207664489746095,"z":917.3807983398438},"rotation":{"x":0.061531420797109607,"y":-0.7058846354484558,"z":0.061787985265254977,"w":0.7029408812522888},"size":441.6965637207031,"orthographic":false}