{"cameraMode":{"drawMode":0,"name":"Shaded","section":"Shading Mode"},"sceneLighting":false,"audioPlay":false,"sceneViewState":{"showFog":true,"showMaterialUpdate":false,"showSkybox":false,"showFlares":true,"showImageEffects":true,"showParticleSystems":true},"in2DMode":false,"pivot":{"x":-0.07860028743743897,"y":-0.25377845764160159,"z":1.8827852010726929},"rotation":{"x":-0.5248039960861206,"y":0.3166225254535675,"z":-0.21885979175567628,"w":-0.7592442631721497},"size":3.851363182067871,"orthographic":false}