{"cameraMode":{"drawMode":0,"name":"Shaded","section":"Shading Mode"},"sceneLighting":false,"audioPlay":false,"sceneViewState":{"showFog":true,"showMaterialUpdate":false,"showSkybox":false,"showFlares":true,"showImageEffects":true,"showParticleSystems":true},"in2DMode":false,"pivot":{"x":6.042738437652588,"y":7.865964889526367,"z":545.0934448242188},"rotation":{"x":0.10266565531492233,"y":-0.03132845461368561,"z":0.003234089119359851,"w":0.994218111038208},"size":27.48857879638672,"orthographic":false}