{"cameraMode":{"drawMode":0,"name":"Shaded","section":"Shading Mode"},"sceneLighting":false,"audioPlay":false,"sceneViewState":{"showFog":true,"showMaterialUpdate":false,"showSkybox":false,"showFlares":true,"showImageEffects":true,"showParticleSystems":true},"in2DMode":false,"pivot":{"x":-6.732227325439453,"y":-4.914558410644531,"z":392.2974548339844},"rotation":{"x":0.40015625953674319,"y":-0.4280513525009155,"z":0.21959437429904939,"w":0.7800208330154419},"size":35.54722213745117,"orthographic":false}