{"cameraMode":{"drawMode":0,"name":"Shaded","section":"Shading Mode"},"sceneLighting":true,"audioPlay":false,"sceneViewState":{"showFog":true,"showMaterialUpdate":false,"showSkybox":true,"showFlares":true,"showImageEffects":true,"showParticleSystems":true},"in2DMode":false,"pivot":{"x":-20.745075225830079,"y":-137.6665496826172,"z":497.5408020019531},"rotation":{"x":-0.3525751531124115,"y":-0.00506058894097805,"z":0.0018869632622227073,"w":-0.9358113408088684},"size":216.58132934570313,"orthographic":false}